column A1,column A2,column A3,column A4,column A5,column A6
string 1,W154_1000,111111,300,W186,"1,23"
string 2,W154_1001,111112,302,W186,"1,24"
string 3,W154_1002,111113,304,W186,"1,25"
string 4,W154_1003,111114,306,W186,"1,26"
wasd,W154_1004,111115,308,W186,"1,27"
wasd,W154_1005,111116,310,W186,"1,28"
string 7,W154_1006,111117,312,W186,"1,29"
string 8,W154_1007,111118,314,W186,"1,30"
string 9,W154_1008,111119,316,W186,"1,31"
qwertz,W154_1009,111120,318,W186,"1,32"
string 11,W154_1010,111121,320,W186,"1,33"
string 12,W154_1011,111122,322,W186,"1,34"
string 13,W154_1012,111123,324,W186,"1,35"
string 14,W154_1013,111124,326,W186,"1,36"
string 15,W154_1014,111125,328,W186,"1,37"
string 16,W154_1015,111126,330,W186,"1,38"
string 17,W154_1016,111127,332,W186,"1,39"
qwertz,W154_1017,111128,334,W186,"1,40"
string 19,W154_1018,111129,336,W186,"1,41"
string 20,W154_1019,111130,338,W186,"1,42"
string 21,W154_1020,111131,340,W186,"1,43"
string 22,W154_1021,111132,342,W186,"1,44"
string 23,W154_1022,111133,344,W186,"1,45"
string 24,W154_1023,111134,346,W186,"1,46"
string 25,W154_1024,111135,348,W186,"1,47"
string 26,W154_1025,111136,350,W186,"1,48"
string 27,W154_1026,111137,352,W186,"1,49"
string 28,W154_1027,111138,354,W186,"1,50"
string 29,W154_1028,111139,356,W186,"1,51"
string 30,W154_1029,111140,358,W186,"1,52"
string 31,W154_1030,111141,360,W186,"1,53"
string 32,W154_1031,111142,362,W186,"1,54"
string 33,W154_1032,111143,364,W186,"1,55"
string 34,W154_1033,111144,366,W186,"1,56"
string 35,W154_1034,111145,368,W186,"1,57"
string 36,W154_1035,111146,370,W186,"1,58"
string 37,W154_1036,111147,372,W186,"1,59"
string 38,W154_1037,111148,374,W186,"1,60"
string 39,W154_1038,111149,376,W186,"1,61"
string 40,W154_1039,111150,378,W186,"1,62"
string 41,W154_1040,111151,380,W186,"1,63"
string 42,W154_1041,111152,382,W186,"1,64"
string 43,W154_1042,111153,384,W186,"1,65"
string 44,W154_1043,111154,386,W186,"1,66"
string 45,W154_1044,111155,388,W186,"1,67"
string 46,W154_1045,111156,390,W186,"1,68"
string 47,W154_1046,111157,392,W186,"1,69"
string 48,W154_1047,111158,394,W186,"1,70"
string 49,W154_1048,111159,396,W186,"1,71"
string 50,W154_1049,111160,398,W186,"1,72"
string 51,W154_1050,111161,400,W186,"1,73"
string 52,W154_1051,111162,402,W186,"1,74"
string 53,W154_1052,111163,404,W186,"1,75"
string 54,W154_1053,111164,406,W186,"1,76"
string 55,W154_1054,111165,408,W186,"1,77"
string 56,W154_1055,111166,410,W186,"1,78"
string 57,W154_1056,111167,412,W186,"1,79"
string 58,W154_1057,111168,414,W186,"1,80"
string 59,W154_1058,111169,416,W186,"1,81"
string 60,W154_1059,111170,418,W186,"1,82"
string 61,W154_1060,111171,420,W186,"1,83"
string 62,W154_1061,111172,422,W186,"1,84"
string 1,W154_1062,111173,424,W186,"1,85"
string 2,W154_1063,111174,426,W186,"1,86"
string 3,W154_1064,111175,428,W186,"1,87"
string 4,W154_1065,111176,430,W186,"1,88"
string 5,W154_1066,111177,432,W186,"1,89"
string 6,W154_1067,111178,434,W186,"1,90"
string 7,W154_1068,111179,436,W186,"1,91"
string 8,W154_1069,111180,438,W186,"1,92"
string 9,W154_1070,111181,440,W186,"1,93"
string 10,W154_1071,111182,442,W186,"1,94"
string 11,W154_1072,111183,444,W186,"1,95"
string 12,W154_1073,111184,446,W186,"1,96"
qwertz,W154_1074,111185,448,W186,"1,97"
string 14,W154_1075,111186,450,W186,"1,98"
string 15,W154_1076,111187,452,W186,"1,99"
string 16,W154_1077,111188,454,W186,"1,100"
string 17,W154_1078,111189,456,W186,"1,101"
string 18,W154_1079,111190,458,W186,"1,102"
string 19,W154_1080,111191,460,W186,"1,103"
string 20,W154_1081,111192,462,W186,"1,104"
string 21,W154_1082,111193,464,W186,"1,105"
string 22,W154_1083,111194,466,W186,"1,106"
string 23,W154_1084,111195,468,W186,"1,107"
string 24,W154_1085,111196,470,W186,"1,108"
string 25,W154_1086,111197,472,W186,"1,109"
string 26,W154_1087,111198,474,W186,"1,110"
string 27,W154_1088,111199,476,W186,"1,111"
string 28,W154_1089,111200,478,W186,"1,112"
string 29,W154_1090,111201,480,W186,"1,113"
string 30,W154_1091,111202,482,W186,"1,114"
string 31,W154_1092,111203,484,W186,"1,115"
string 32,W154_1093,111204,486,W186,"1,116"
string 33,W154_1094,111205,488,W186,"1,117"
string 34,W154_1095,111206,490,W186,"1,118"
string 35,W154_1096,111207,492,W186,"1,119"
string 36,W154_1097,111208,494,W186,"1,120"
string 37,W154_1098,111209,496,W186,"1,121"
string 38,W154_1099,111210,498,W186,"1,122"
string 39,W154_1100,111211,500,W186,"1,123"
string 40,W154_1101,111212,502,W186,"1,124"
string 41,W154_1102,111213,504,W186,"1,125"
string 42,W154_1103,111214,506,W186,"1,126"
string 43,W154_1104,111215,508,W186,"1,127"
string 44,W154_1105,111216,510,W186,"1,128"
string 45,W154_1106,111217,512,W186,"1,129"
string 46,W154_1107,111218,514,W186,"1,130"
string 47,W154_1108,111219,516,W186,"1,131"
string 48,W154_1109,111220,518,W186,"1,132"
string 49,W154_1110,111221,520,W186,"1,133"
string 50,W154_1111,111222,522,W186,"1,134"
string 51,W154_1112,111223,524,W186,"1,135"
string 52,W154_1113,111224,526,W186,"1,136"
string 53,W154_1114,111111,528,W186,"1,137"
string 54,W154_1115,111112,530,W186,"1,138"
string 55,W154_1116,111113,532,W186,"1,139"
string 56,W154_1117,111114,534,W186,"1,140"
string 57,W154_1118,111115,536,W186,"1,141"
string 58,W154_1119,111116,538,W186,"1,142"
string 59,W154_1120,111117,540,W186,"1,143"
string 60,W154_1121,111118,542,W186,"1,144"
string 61,W154_1122,111119,544,W186,"1,145"
string 62,W154_1123,111120,546,W186,"1,146"
string 1,W154_1124,111121,548,W186,"1,147"
string 2,W154_1125,111122,550,W186,"1,148"
string 3,W154_1126,111123,552,W186,"1,149"
string 4,W154_1127,111124,554,W186,"1,150"
string 5,W154_1128,111125,556,W186,"1,151"
string 6,W154_1129,111126,558,W186,"1,152"
string 7,W154_1130,111127,560,W186,"1,153"
string 8,W154_1131,111128,562,W186,"1,154"
string 9,W154_1132,111129,564,W186,"1,155"
string 10,W154_1133,111130,566,W186,"1,156"
string 11,W154_1134,111131,568,W186,"1,157"
string 12,W154_1135,111132,570,W186,"1,158"
string 13,W154_1136,111133,572,W186,"1,159"
string 14,W154_1137,111134,574,W186,"1,160"
string 15,W154_1138,111135,576,W186,"1,161"
string 16,W154_1139,111136,578,W186,"1,162"
string 17,W154_1140,111137,580,W186,"1,163"
string 18,W154_1141,111138,0,W186,"1,164"
string 19,W154_1142,111139,0,W186,"1,165"
string 20,W154_1143,111140,0,W186,"1,166"
string 21,W154_1144,111141,0,W186,"1,167"
string 22,W154_1145,111142,0,W186,"1,168"
string 23,W154_1146,111143,0,W186,"1,169"
string 24,W154_1147,111144,0,W186,"1,170"
string 25,W154_1148,111145,0,W186,"1,171"
string 26,W154_1149,111146,0,W186,"1,172"
string 27,W154_1150,111147,0,W186,"1,173"
string 28,W154_1151,111148,0,W186,"1,174"
string 29,W154_1152,111149,0,W186,"1,175"
wasd,W154_1153,111150,0,W186,"1,176"
wasd,W154_1154,111151,0,W186,"1,177"
wasd,W154_1155,111152,0,W186,"1,178"
wasd,W154_1156,111153,0,W186,"1,179"
wasd,W154_1157,111154,0,W186,"1,180"
wasd,W154_1158,111155,0,W186,"1,181"
string 36,W154_1159,111156,0,W186,"1,182"
string 37,W154_1160,111157,0,W186,"1,183"
string 38,W154_1161,111158,0,W186,"1,184"
string 39,W154_1162,111159,0,W186,"1,185"
string 40,W154_1163,111160,0,W186,"1,186"
string 41,W154_1164,111161,0,W186,"1,187"
string 42,W154_1165,111162,0,W186,"1,188"
string 43,W154_1166,111163,0,W186,"1,189"
string 44,W154_1167,111164,0,W186,"1,190"
string 45,W154_1168,111165,0,W186,"1,191"
string 46,W154_1169,111166,0,W186,"1,192"
string 47,W154_1170,111167,0,W186,"1,193"
string 48,W154_1171,111168,0,W186,"1,194"
string 49,W154_1172,111169,0,W186,"1,195"
string 50,W154_1173,111170,0,W186,"1,196"
string 51,W154_1174,111171,0,W186,"1,197"
string 52,W154_1175,111172,0,W186,"1,198"
string 53,W154_1176,111173,0,W186,"1,199"
string 54,W154_1177,111174,0,W186,"1,200"
string 55,W154_1178,111175,0,W186,"1,201"
string 56,W154_1179,111176,0,W186,"1,202"
string 57,W154_1180,111177,0,W186,"1,203"
string 58,W154_1181,111178,0,W186,"1,204"
string 59,W154_1182,111179,0,W186,"1,205"
string 60,W154_1183,111180,0,W186,"1,206"
string 61,W154_1184,111181,0,W186,"1,207"
string 62,W154_1185,111182,0,W186,"1,208"
string 1,W154_1186,111183,0,W186,"1,209"
string 2,W154_1187,111184,0,W186,"1,210"
string 3,W154_1188,111185,0,W186,"1,211"
string 4,W154_1189,111186,0,W186,"1,212"
string 5,W154_1190,111187,0,W186,"1,213"
string 6,W154_1191,111188,0,W186,"1,214"
string 7,W154_1192,111189,300,W186,"1,215"
string 8,W154_1193,111190,301,W186,"1,216"
string 9,W154_1194,111191,302,W186,"1,217"
string 10,W154_1195,111192,303,W186,"1,218"
string 11,W176_1000,111193,304,W186,"1,219"
string 12,W176_1001,111194,305,W186,"1,220"
string 13,W176_1002,111195,306,W186,"1,221"
string 14,W176_1003,111196,307,W186,"1,222"
string 15,W176_1004,111197,308,W186,"1,223"
string 16,W176_1005,111198,309,W186,"1,224"
string 17,W176_1006,111199,310,W186,"1,225"
string 18,W176_1007,111200,311,W186,"1,226"
string 19,W176_1008,111201,312,W186,"1,227"
string 20,W176_1009,111202,313,W186,"1,228"
string 21,W176_1010,111203,314,W186,"1,229"
string 22,W176_1011,111204,315,W186,"1,230"
string 23,W176_1012,111205,316,W186,"1,231"
string 24,W176_1013,111206,317,W186,"1,232"
string 25,W176_1014,111207,318,W186,"1,233"
string 26,W176_1015,111208,319,W186,"1,234"
string 27,W176_1016,111209,320,W186,"1,235"
string 28,W176_1017,111210,321,W186,"1,236"
string 29,W176_1018,111211,322,W186,"1,237"
string 30,W176_1019,111212,323,W186,"1,238"
string 31,W176_1020,111213,324,W186,"1,239"
string 32,W176_1021,111214,325,W186,"1,240"
string 33,W176_1022,111215,326,W186,"1,241"
string 34,W176_1023,111216,327,W186,"1,242"
string 35,W176_1024,111217,328,W186,"1,243"
string 36,W176_1025,111218,329,W186,"1,244"
string 37,W176_1026,111219,330,W186,"1,245"
string 38,W176_1027,111220,331,W186,"1,246"
string 39,W176_1028,111221,332,W186,"1,247"
string 40,W176_1029,111222,333,W186,"1,248"
string 41,W176_1030,111223,334,W186,"1,249"
string 42,W176_1031,111224,335,W186,"1,250"
string 43,W176_1032,888888,336,W186,"1,251"
string 44,W176_1033,888889,337,W186,"1,252"
string 45,W176_1034,888890,338,W186,"1,253"
string 46,W176_1035,888891,339,W186,"1,254"
string 47,W176_1036,888892,340,W186,"1,255"
string 48,W176_1037,888893,341,W186,"1,256"
string 49,W176_1038,888894,342,W186,"1,257"
string 50,W176_1039,888895,343,W186,"1,258"
string 51,W176_1040,888896,344,W186,"1,259"
string 52,W176_1041,888897,345,W186,"1,260"
string 53,W176_1042,888898,346,W186,"1,261"
string 54,W176_1043,888899,347,W186,"1,262"
string 55,W176_1044,888900,348,W186,"1,263"
string 56,W176_1045,888901,349,W186,"1,264"
string 57,W176_1046,888902,350,W186,"1,265"
string 58,W176_1047,888903,351,W186,"1,266"
string 59,W176_1048,888904,352,W186,"1,267"
string 60,W176_1049,888905,353,W186,"1,268"
string 61,W176_1050,888906,354,W186,"1,269"
string 62,W176_1051,888907,355,W186,"1,270"
string 1,W176_1052,888908,356,W186,"1,271"
string 2,W176_1053,888909,357,W186,"1,272"
string 3,W176_1054,888910,358,W186,"1,273"
string 4,W176_1055,888911,359,W186,"1,274"
string 5,W176_1056,888912,360,W186,"1,275"
string 6,W176_1057,888913,361,W186,"1,276"
string 7,W176_1058,888914,0,W186,"1,277"
string 8,W176_1059,888915,0,W186,"1,278"
string 9,W176_1060,888916,0,W186,"1,279"
string 10,W176_1061,888917,0,W186,"1,280"
string 11,W176_1062,888918,0,W186,"1,281"
string 12,W176_1063,888919,0,W186,"1,282"
string 13,W176_1064,888920,0,W186,"1,283"
string 14,W176_1065,888921,0,W186,"1,284"
string 15,W176_1066,888922,0,W186,"1,285"
string 16,W176_1067,888923,0,W186,"1,286"
string 17,W176_1068,888924,0,W186,"1,287"
string 18,W176_1069,888925,0,W186,"1,288"
string 19,W176_1070,888926,0,W186,"1,289"
string 20,W176_1071,888927,0,W186,"1,290"
string 21,W176_1072,888928,0,W186,"1,291"
string 22,W176_1073,888929,0,W186,"1,292"
string 23,W176_1074,888930,0,W186,"1,293"
string 24,W176_1075,888931,0,W186,"1,294"
string 25,W176_1076,888932,0,W186,"1,295"
string 26,W176_1077,888933,0,W186,"1,296"
string 27,W176_1078,888934,0,W186,"1,297"
string 28,W176_1079,888935,0,W186,"1,298"
string 29,W176_1080,888936,0,W186,"1,299"
string 30,W176_1081,888937,0,W186,"1,300"
string 31,W176_1082,888938,0,W186,"1,301"
string 32,W176_1083,888939,300,W186,"1,302"
string 33,W176_1084,888940,301,W186,"1,303"
string 34,W176_1085,888941,302,W186,"1,304"
string 35,W176_1086,888942,303,W186,"1,305"
string 36,W176_1087,888943,304,W186,"1,306"
string 37,W176_1088,888944,305,W186,"1,307"
string 38,W176_1089,888945,306,W186,"1,308"
string 39,W176_1090,888946,307,W186,"1,309"
string 40,W176_1091,888947,308,W186,"1,310"
string 41,W176_1092,888948,309,W186,"1,311"
string 42,W176_1093,888949,310,W186,"1,312"
string 43,W176_1094,888950,311,W186,"1,313"
wasd,W176_1095,888951,312,W186,"1,314"
wasd,W176_1096,888952,313,W186,"1,315"
wasd,W176_1097,888953,314,W186,"1,316"
string 47,W176_1098,888954,315,W186,"1,317"
string 48,W176_1099,888955,316,W186,"1,318"
string 49,W176_1100,888956,317,W186,"1,319"
string 50,W176_1101,888957,318,W186,"1,320"
string 51,W176_1102,888958,319,W186,"1,321"
string 52,W176_1103,111111,320,W186,"1,322"
string 53,W176_1104,111112,321,W186,"1,323"
string 54,W176_1105,111113,322,W186,"1,324"
string 55,W176_1106,111114,323,W186,"1,325"
string 56,W176_1107,111115,324,W186,"1,326"
string 57,W176_1108,111116,325,W186,"1,327"
string 58,W176_1109,111117,326,W186,"1,328"
string 59,W176_1110,111118,327,W186,"1,329"
string 60,W176_1111,111119,328,W186,"1,330"
string 61,W176_1112,111120,329,W186,"1,331"
string 62,W176_1113,111121,330,W186,"1,332"
string 1,W176_1114,111122,331,W186,"1,333"
string 2,W176_1115,111123,332,W186,"1,334"
string 3,W176_1116,111124,333,W186,"1,335"
qwertz,W176_1117,111125,334,W186,"1,336"
string 5,W176_1118,111126,335,W186,"1,337"
string 6,W176_1119,111127,336,W186,"1,338"
string 7,W176_1120,111128,337,W186,"1,339"
string 8,W176_1121,111129,338,W186,"1,340"
string 9,W176_1122,111130,339,W186,"1,341"
string 10,W176_1123,111131,340,W186,"1,342"
string 11,W176_1124,111132,341,W186,"1,343"
string 12,W176_1125,111133,342,W186,"1,344"
string 13,W176_1126,111134,343,W186,"1,345"
string 14,W176_1127,111135,344,W186,"1,346"
string 15,W176_1128,111136,345,W186,"1,347"
string 16,W176_1129,111137,346,W186,"1,348"
string 17,W176_1130,111138,347,W186,"1,349"
string 18,W176_1131,111139,348,W186,"1,350"
string 19,W176_1132,111140,349,W186,"1,351"
string 20,W176_1133,111141,350,W186,"1,352"
string 21,W176_1134,111142,351,W186,"1,353"
string 22,W176_1135,111143,352,W186,"1,354"
string 23,W176_1136,111144,353,W186,"1,355"
string 24,W176_1137,111145,354,W186,"1,356"
string 25,W176_1138,111146,355,W186,"1,357"
string 26,W176_1139,111147,356,W186,"1,358"
string 27,W176_1140,111148,357,W186,"1,359"
string 28,W176_1141,111149,358,W186,"1,360"
string 29,W176_1142,111150,359,W186,"1,361"
string 30,W176_1143,111151,360,W186,"1,362"
string 31,W176_1144,111111,361,W186,"1,363"
string 32,W176_1145,111112,362,W186,"1,364"
string 33,W176_1146,111113,363,W186,"1,365"
string 34,W176_1147,111114,364,W186,"1,366"
string 35,W176_1148,111115,365,W186,"1,367"
string 36,W176_1149,111116,366,W186,"1,368"
string 37,W176_1150,111117,367,W186,"1,369"
string 38,W176_1151,111118,368,W186,"1,370"
string 39,W176_1152,111119,369,W186,"1,371"
string 40,W176_1153,111120,370,W186,"1,372"
string 41,W176_1154,111121,371,W186,"1,373"
string 42,W176_1155,111122,372,W186,"1,374"
string 43,W176_1156,111123,373,W186,"1,375"
string 44,W176_1157,111124,374,W186,"1,376"
string 45,W176_1158,111125,375,W186,"1,377"
string 46,W176_1159,111126,376,W186,"1,378"
string 47,W176_1160,111127,377,W186,"1,379"
string 48,W176_1161,111128,378,W186,"1,380"
string 49,W176_1162,111129,379,W186,"1,381"
string 50,W176_1163,111130,380,W186,"1,382"
string 51,W176_1164,111131,381,W186,"1,383"
string 52,W176_1165,111132,382,W186,"1,384"
string 53,W176_1166,111133,383,W186,"1,385"
string 54,W176_1167,111134,384,W186,"1,386"
string 55,W176_1168,111135,385,W186,"1,387"
qwertz,W176_1169,111136,386,W186,"1,388"
string 57,W176_1170,111137,387,W186,"1,389"
string 58,W176_1171,111138,388,W186,"1,390"
wasd,W176_1172,111139,389,W186,"1,391"
string 60,W176_1173,111140,390,W186,"1,392"
string 61,W176_1174,111141,391,W186,"1,393"
string 62,W176_1175,111142,392,W186,"1,394"
wasd,W176_1176,111143,393,W186,"1,395"
string 2,W176_1177,111144,394,W186,"1,396"
string 3,W176_1178,111145,395,W186,"1,397"
string 4,W176_1179,111146,396,W186,"1,398"
string 5,W176_1180,111147,397,W186,"1,399"
string 6,W176_1181,111148,398,W186,"1,400"
string 7,W176_1182,111149,399,W186,"1,401"
string 8,W176_1183,111150,400,W186,"1,402"
string 9,W176_1184,111151,401,W186,"1,403"
string 10,W176_1185,123837,402,W186,"1,404"
string 11,W176_1186,123838,403,W186,"1,405"
string 12,W176_1187,123839,404,W186,"1,406"
string 13,W176_1188,123840,405,W186,"1,407"
wasd,W176_1189,123841,406,W186,"1,408"
wasd,W176_1190,123842,407,W186,"1,409"
string 16,W176_1191,123843,408,W186,"1,410"
string 17,W176_1192,123844,409,W186,"1,411"
string 18,W176_1193,123845,410,W186,"1,412"
string 19,W176_1194,123846,411,W186,"1,413"
string 20,W176_1195,123847,412,W186,"1,414"
string 21,W176_1196,123848,413,W186,"1,415"
string 22,W176_1197,123849,414,W186,"1,416"
string 23,W176_1198,123850,415,W186,"1,417"
string 24,W176_1199,123851,416,W186,"1,418"
string 25,W176_1200,123852,417,W186,"1,419"
string 26,W176_1201,123853,418,W186,"1,420"
string 27,W176_1202,123854,419,W186,"1,421"
string 28,W176_1203,123855,420,W186,"1,422"
string 29,W176_1204,123856,421,W186,"1,423"
string 30,W176_1205,123857,422,W186,"1,424"
string 31,W176_1206,123858,423,W186,"1,425"
string 32,W176_1207,123859,424,W186,"1,426"
string 33,W176_1208,123860,425,W186,"1,427"
string 34,W176_1209,123861,426,W186,"1,428"
string 35,W176_1210,123862,427,W186,"1,429"
string 36,W176_1211,123863,428,W186,"1,430"
string 37,W176_1212,123864,429,W186,"1,431"
string 38,W176_1213,123865,430,W186,"1,432"
string 39,W176_1214,123866,431,W186,"1,433"
string 40,W176_1215,123867,432,W186,"1,434"
string 41,W176_1216,123868,433,W186,"1,435"
string 42,W176_1217,123869,434,W186,"1,436"
string 43,W176_1218,123870,435,W186,"1,437"
string 44,W176_1219,123871,436,W186,"1,438"
string 45,W176_1220,123872,437,W186,"1,439"
string 46,W176_1221,123873,438,W186,"1,440"
string 47,W176_1222,123874,439,W186,"1,441"
string 48,W176_1223,123875,440,W186,"1,442"
string 49,W176_1224,123876,441,W186,"1,443"
string 50,W176_1225,123877,442,W186,"1,444"
string 51,W176_1226,123878,443,W186,"1,445"
string 52,W176_1227,123879,444,W186,"1,446"
string 53,W176_1228,123880,445,W186,"1,447"
string 54,W176_1229,123881,446,W186,"1,448"
string 55,W176_1230,123882,447,W186,"1,449"
string 56,W176_1231,123883,448,W186,"1,450"
string 57,W176_1232,123884,449,W186,"1,451"
string 58,W176_1233,123885,450,W186,"1,452"
string 59,W176_1234,123886,451,W186,"1,453"
string 60,W176_1235,123887,452,W186,"1,454"
string 61,W176_1236,123888,453,W186,"1,455"
string 62,W176_1237,123889,454,W186,"1,456"
